t [s],error [m],run_obj,accum_obj
0.0001,4.242640687119285,1824.6725404003773,182.46725404003774
0.0011,4.242367793723016,1824.4342688550873,364.9106809255465
0.009516526193278571,4.239838848363797,1822.2269765105968,547.1333785766062
0.059516526193278574,4.224751661736705,1809.0890600612363,728.0422845827298
0.10951652619327858,4.209593025155526,1795.942798737615,907.6365644564913
0.15951652619327858,4.194370470375729,1782.79533203739,1085.9160976602302
0.2095165261932786,4.179087406972109,1769.649966878582,1262.8810943480885
0.2595165261932786,4.163747166246388,1756.509907962504,1438.532085144339
0.3095165261932786,4.148353003685829,1743.3782609241964,1612.8699112367585
0.35951652619327856,4.132908100109749,1730.2580340173292,1785.8957146384914
0.40951652619327855,4.117415562821241,1717.1521398163252,1957.610928620124
0.45951652619327854,4.101878426762903,1704.063396933156,2128.0172683134397
0.5095165261932786,4.086299655675098,1690.994531745625,2297.116721488002
0.5595165261932786,4.070682143255308,1677.948180134121,2464.911539501414
0.6095165261932787,4.055028714317283,1664.9268892240293,2631.404228423817
0.6595165261932787,4.039342125948738,1651.9331191311549,2796.5975403369325
0.7095165261932788,4.023625068666458,1638.9692447076854,2960.494464807701
0.7595165261932788,4.007880167567733,1626.0375572863832,3123.0982205363393
0.8095165261932789,3.992109983477131,1613.140266420848,3284.412247178424
0.8595165261932789,3.976317014087686,1600.2795016198475,3444.4401973404088
0.9095165261932789,3.9605036950956354,1587.4573140738416,3603.185928747793
0.959516526193279,3.9446724013279155,1574.6756783719738,3760.65349658499
1.009516526193279,3.9288254478616857,1561.9364942079253,3916.8471460057826
1.059516526193279,3.91296509113519,1549.2415880731335,4071.771304813096
1.1095165261932791,3.89709353004935,1536.5927149360375,4225.4305763067
1.1595165261932792,3.8812129070595085,1523.991559906061,4377.829732297306
1.2095165261932792,3.8653253092567907,1511.439739881197,4528.973706285426
1.2595165261932793,3.849432769438631,1498.9388051781457,4678.867586803241
1.3095165261932793,3.8335372671680004,1486.490241144023,4827.5166109176425
1.3595165261932793,3.817640729820966,1474.0954697487966,4974.9261578925225
1.4095165261932794,3.8017450336222107,1461.755851157639,5121.101743008287
1.4595165261932794,3.785852004668211,1449.4726852825079,5266.049011536537
1.5095165261932795,3.7699634199377683,1437.247213312311,5409.773732867769
1.5595165261932795,3.754081008289663,1425.0806192210994,5552.281794789878
1.6095165261932796,3.7382064514472,1412.974031253796,5693.579197915258
1.6595165261932796,3.722341384969453,1400.92852338903,5833.672050254161
1.7095165261932797,3.7064873992090446,1388.9451167786988,5972.566561932031
1.7595165261932797,3.6906460402563277,1377.0247811639542,6110.269040048426
1.8095165261932797,3.674818810869844,1365.1684362673427,6246.78588367516
1.8595165261932798,3.6590071713929717,1353.3769531608905,6382.123578991249
1.9095165261932798,3.643212540656692,1341.6511556099633,6516.288694552245
1.9595165261932799,3.627436296868417,1329.991821392786,6649.287876691524
2.0095165261932797,3.611679778486848,1318.3996835955268,6781.127845051076
2.0595165261932795,3.5959442850828522,1306.8754318829172,6911.815388239368
2.1095165261932793,3.58023107818635,1295.4197137443866,7041.357359613807
2.159516526193279,3.5645413821192307,1284.0331357157404,7169.760673185381
2.209516526193279,3.5488763848143328,1272.7162645764386,7297.032299643025
2.259516526193279,3.5332372386205138,1261.4696285225493,7423.1792624952795
2.3095165261932786,3.5176250610938866,1250.2937183155034,7548.20863432683
2.3595165261932785,3.502040935775267,1239.1889884067634,7672.127533167507
2.4095165261932783,3.4864859129539245,1228.1558580385833,7794.943118971365
2.459516526193278,3.470961010417711,1217.1947123210239,7916.6625902034675
2.509516526193278,3.4554672141896683,1206.3059032854242,8037.2931805320095
2.5595165261932777,3.4400054792512185,1195.4897509145467,8156.842155623464
2.6095165261932776,3.4245767302520416,1184.746544149623,8275.316810038426
2.6595165261932774,3.4091818622067662,1174.0765418745461,8392.724464225881
2.709516526193277,3.3938217411785896,1163.4799738774652,8509.072461613627
2.759516526193277,3.3784972049499653,1152.9570417900625,8624.368165792634
2.809516526193277,3.363209063680485,1142.5079200047792,8738.61895779311
2.8595165261932767,3.347958100552101,1132.1327565702943,8851.83223345014
2.9095165261932765,3.332745072401834,1121.831674065547,8964.015400856695
2.9595165261932763,3.3175707103421055,1111.604770452618,9075.175877901956
3.009516526193276,3.3024357203688606,1101.452119908772,9185.321089892834
3.059516526193276,3.287340783957624,1091.373773637995,9294.458467256633
3.109516526193276,3.272286558647653,1081.3697606623377,9402.595443322867
3.1595165261932756,3.257273678614345,1071.4400885934053,9509.739452182208
3.2095165261932754,3.2423027552300616,1061.5847443843145,9615.897926620639
3.2595165261932753,3.2273743776135366,1051.8036950624619,9721.078296126885
3.309516526193275,3.2124891131680235,1042.0968884434385,9825.287984971228
3.359516526193275,3.197647508108361,1032.464253826422,9928.53441035387
3.4095165261932747,3.1828500879771116,1022.9057026713967,10030.82498062101
3.4595165261932745,3.1680973581499514,1013.4211292585345,10132.167093546863
3.5095165261932744,3.153389804330472,1004.0104113300756,10232.56813467987
3.559516526193274,3.1387278930345626,994.6734107150539,10332.035475751376
3.609516526193274,3.1241120720645497,985.4099739372017,10430.576473145096
3.659516526193274,3.1095427709732477,976.2199328063663,10528.198466425732
3.7095165261932737,3.0950204015181035,967.1031049937876,10624.908776925111
3.7595165261932735,3.0805453581055886,958.0592945915489,10720.714706384266
3.8095165261932733,3.0661180182260175,949.0882926565553,10815.623535649922
3.859516526193273,3.0517387428789498,940.1898777393484,10909.642523423856
3.909516526193273,3.0374078769893433,931.3638163980957,11002.778905063666
3.9595165261932728,3.023125749814625,922.6098636980684,11095.039891433473
4.009516526193273,3.0088926753428358,913.9277636969337,11186.432667803167
4.059516526193272,2.99470895268202,905.3172499161728,11276.964392794784
4.109516526193272,2.98057486644101,896.7780457989361,11366.642197374676
4.159516526193272,2.966490687101771,888.3098651546468,11455.47318389014
4.209516526193272,2.952456671383463,879.9124125906567,11543.464425149206
4.259516526193272,2.938473062598372,871.5853839312495,11630.622963542331
4.3095165261932715,2.924540090999869,863.3284666242937,11716.955810204761
4.359516526193271,2.910657974122542,855.1413401358308,11802.469944218345
4.409516526193271,2.896826917114664,847.0236763328925,11887.172311851635
4.459516526193271,2.883047113063133,838.9751398548215,11971.069825837118
4.509516526193271,2.869318743311035,830.9953884733794,12054.169364684456
4.559516526193271,2.8556419777679865,823.0840734419179,12136.477772028647
4.6095165261932705,2.842016975213374,815.2408398338698,12218.001856012035
4.65951652619327,2.828443883592664,807.465326870841,12298.74838869912
4.70951652619327,2.814922840306895,799.7571682405475,12378.724105523173
4.75951652619327,2.801453972495506,792.1159924048645,12457.93570476366
4.80951652619327,2.788037397312633,784.5414228982293,12536.389847053484
4.85951652619327,2.7746732221969994,777.0330786166451,12614.093154915148
4.909516526193269,2.761361545135544,769.5905740975331,12691.052212324901
4.959516526193269,2.7481024549209065,762.2135197906572,12767.273564303967
5.009516526193269,2.7348960314029025,754.9015223203642,12842.763716536003
5.059516526193269,2.7217423457341123,747.6541847393586,12917.52913500994
5.109516526193269,2.708641460609708,740.4711067742381,12991.576245687364
5.1595165261932685,2.6955934305016336,733.3518850630043,13064.911434193664
5.209516526193268,2.682598301887272,726.2961133847649,13137.54104553214
5.259516526193268,2.6696561134726995,719.3033828818346,13209.471383820322
5.309516526193268,2.656766896410653,712.3732822744364,13280.708712047766
5.359516526193268,2.6439306745133204,705.5053980682056,13351.259251854586
5.409516526193268,2.6311474644600716,698.6993147546943,13421.129183330055
5.459516526193267,2.6184172760002222,691.9546150050584,13490.32464483056
5.509516526193267,2.6057401121509614,685.2708798571233,13558.851732816272
5.559516526193267,2.5931159693905292,678.6476888960068,13626.716501705872
5.609516526193267,2.580544837846758,672.0846204284748,13693.92496374872
5.659516526193267,2.568026701481075,665.5812516512099,13760.48308891384
5.7095165261932666,2.555561538268068,659.1371588131562,13826.396804795155
5.759516526193266,2.54314932037071,652.7519173721149,13891.671996532366
5.809516526193266,2.530790014311342,646.4251021457418,13956.314506746941
5.859516526193266,2.518483581138503,640.156287457116,14020.330135492653
5.909516526193266,2.506229976589705,633.9450472750289,14083.724640220156
5.959516526193266,2.494029151250241,627.7909553491419,14146.50373575507
6.0095165261932655,2.4818810507081146,621.6935853401679,14208.673094289086
6.059516526193265,2.469785615705177,615.652510945211,14270.238345383608
6.109516526193265,2.4577427822845626,609.667306018412,14331.20507598545
6.159516526193265,2.4457524819344982,603.7375446870305,14391.578830454153
6.209516526193265,2.433814641728576,597.8628014631028,14451.365110600464
6.259516526193265,2.421929184462564,592.0426513507969,14510.569375735544
6.309516526193264,2.410096028787837,586.2766699496011,14569.197042730504
6.359516526193264,2.3983150893415037,580.5644335534622,14627.25348608585
6.409516526193264,2.3865862768733077,574.9055192459965,14684.74403801045
6.459516526193264,2.374909498369368,569.2995049918893,14741.67398850964
6.509516526193264,2.363284657172845,563.7459697245988,14798.0485854821
6.5595165261932635,2.351711653101589,558.2444934304739,14853.873034825147
6.609516526193263,2.3401903825628527,552.7946572293956,14909.152500548085
6.659516526193263,2.3287207386651265,547.3960434520451,14963.89210489329
6.709516526193263,2.3173026113271677,542.0482357139035,15018.09692846468
6.759516526193263,2.305935887384288,536.7508189860824,15071.772010363287
6.809516526193263,2.2946204506919643,531.5033796630821,15124.922348329595
6.8595165261932625,2.283356182226829,526.3055056275712,15177.552898892352
6.909516526193262,2.2721429601851137,521.1567863122839,15229.66857752358
6.959516526193262,2.2609806600785882,516.0568127591184,15281.274258799493
7.009516526193262,2.2498691548280716,511.0051776755286,15332.374776567045
7.059516526193262,2.238808314854558,506.00147548829153,15382.974924115873
7.109516526193262,2.227798008168023,501.04530239473473,15433.079454355347
7.159516526193261,2.2168381004539586,496.1362564115018,15482.693079996498
7.209516526193261,2.2059284551576943,491.2739374209364,15531.820473738591
7.259516526193261,2.195068933566556,486.4579472151584,15580.466268460108
7.309516526193261,2.1842593948899114,481.687889537908,15628.6350574139
7.359516526193261,2.1734996963371542,476.9633701242285,15676.331394426323
7.4095165261932605,2.1627896931936794,472.2839967380588,15723.559794100129
7.45951652619326,2.1521292388948874,467.64937920780113,15770.324732020908
7.50951652619326,2.1415181850982754,463.0591294599315,15816.630644966901
7.55951652619326,2.1309563817536543,458.5128615507182,15862.481931121973
7.60951652619326,2.1204436771715387,454.01019169610777,15907.882950291583
7.65951652619326,2.1099799180897527,449.55073829984127,15952.838024121567
7.7095165261932594,2.099564949738295,445.1341219798582,15997.351436319554
7.759516526193259,2.0891986159025047,440.75996559304656,16041.427432878858
7.809516526193259,2.0788807589845684,436.42789425839317,16085.070222304697
7.859516526193259,2.0686112200634095,432.1375353785892,16128.283975842556
7.909516526193259,2.058389838952997,427.8885186601426,16171.072827708571
7.959516526193259,2.048216454259112,423.6804761320483,16213.440875321776
8.00951652619326,2.0380909034346137,419.5130421630662,16255.392179538083
8.05951652619326,2.028013022833234,415.385853477655,16296.930764885848
8.10951652619326,2.0179826477619396,411.2985491706061,16338.060619802909
8.159516526193261,2.007999612531899,407.2507707204256,16378.785696874951
8.209516526193262,1.9980637505080845,403.24216200150784,16419.109913075103
8.259516526193263,1.9881748941575434,399.27236929514044,16459.037150004617
8.309516526193264,1.978332875096372,395.3410412993861,16498.571254134557
8.359516526193264,1.9685375241354217,391.4478291378778,16537.716037048343
8.409516526193265,1.958788671324772,387.59238636756845,16576.4752756851
8.459516526193266,1.9490861459969944,383.77436898547114,16614.852712583648
8.509516526193266,1.9394297768092448,379.993435434429,16652.852056127093
8.559516526193267,1.9298193917842046,376.24924660794676,16690.476980787887
8.609516526193268,1.9202548183499055,372.54146585412167,16727.7311273733
8.659516526193269,1.9107358833784618,368.86975897870525,16764.61810327117
8.70951652619327,1.901262413223738,365.2337942473294,16801.1414826959
8.75951652619327,1.8918342337579772,361.6332423869272,16837.304806934593
8.80951652619327,1.882451170407419,358.06777658638,16873.111584593233
8.859516526193271,1.8731130481869258,354.5370724964194,16908.565291842875
8.909516526193272,1.8638196917336487,351.04080822881383,16943.669372665758
8.959516526193273,1.854570925339751,347.57866435486613,16978.427239101246
9.009516526193273,1.8453665729842177,344.15032390324967,17012.84227149157
9.059516526193274,1.8362064583637687,340.75547235721075,17046.91781872729
9.109516526193275,1.8270904049229024,337.3937976511589,17080.657198492405
9.159516526193276,1.8180182358830879,334.0649901666727,17114.06369750907
9.209516526193276,1.8089897742711283,330.76874272794447,17147.140571781867
9.259516526193277,1.8000048429467173,327.5047505966851,17179.891046841534
9.309516526193278,1.7910632646292048,324.27271146651265,17212.318317988185
9.359516526193278,1.7821648619235975,321.0723254568469,17244.42555053387
9.40951652619328,1.7733094573458061,317.9032951063283,17276.215880044503
9.45951652619328,1.7644968733471658,314.765325365785,17307.69241258108
9.50951652619328,1.7557269323382425,311.6581235907642,17338.858224940155
9.559516526193281,1.7469994567119427,308.58139953364866,17369.71636489352
9.609516526193282,1.7383142688659514,305.53486533537773,17400.26985142706
9.659516526193283,1.7296711912245049,302.5182355167869,17430.52167497874
9.709516526193283,1.721070046259522,299.5312269695878,17460.4747976757
9.759516526193284,1.7125106565111086,296.5735589470014,17490.132153570397
9.809516526193285,1.7039928446074502,293.6449530540637,17519.496648875804
9.859516526193286,1.6955164332841064,290.7451332376159,17548.571162199565
9.909516526193286,1.687081245402729,287.8738257759985,17577.358544777166
9.959516526193287,1.6786871039692088,285.03075926846043,17605.86162070401
10.009516526193288,1.6703338321512724,282.2156646242978,17634.08318716644
10.059516526193288,1.6620212532955423,279.4282750517388,17662.026014671614
10.109516526193289,1.6537491909440698,276.6683260465837,17689.692847276274
10.15951652619329,1.645517468850359,273.9355553806158,17717.086402814337
10.20951652619329,1.6373259109948926,271.2297030897954,17744.209373123318
10.259516526193291,1.6291743416001696,268.5505114622464,17771.06442426954
10.309516526193292,1.6210625851452742,265.8977250260498,17797.654196772146
10.359516526193293,1.6129904663799801,263.27109053685433,17823.98130582583
10.409516526193293,1.6049578103384072,260.67035696531406,17850.04834152236
10.459516526193294,1.5969644423522416,258.09527548436466,17875.8578690708
10.509516526193295,1.5890101880635248,255.54559945634722,17901.412429016433
10.559516526193296,1.5810948734370343,253.02108441999113,17926.714537458432
10.609516526193296,1.573218324772252,250.52148807726255,17951.766686266157
10.659516526193297,1.5653803687149435,248.04657028009072,17976.571343294167
10.709516526193298,1.5575808322683502,245.59609301697847,18001.130952595864
10.759516526193298,1.5498195428040078,243.16982039950608,18025.447934635813
10.809516526193299,1.5420963280722004,240.76751864873737,18049.52468650069
10.8595165261933,1.5344110162120586,238.38895608153445,18073.363582108843
10.9095165261933,1.5267634357613113,236.0339030967902,18096.966972418522
10.959516526193301,1.5191534156657018,233.7021321615846,18120.337185634682
11.009516526193302,1.5115807852880736,231.39341779727246,18143.47652741441
11.059516526193303,1.5040453744171371,229.10753656550932,18166.387281070958
11.109516526193303,1.4965470132759255,226.8442670542224,18189.07170777638
11.159516526193304,1.4890855325299464,224.60338986353173,18211.53204676273
11.209516526193305,1.4816607632950372,222.3846875916291,18233.770515521894
11.259516526193305,1.4742725371449346,220.18794482061938,18255.789310003955
11.309516526193306,1.4669206861185622,218.01294810233074,18277.590604814188
11.359516526193307,1.459605042727046,215.85948594409854,18299.176553408597
11.409516526193308,1.4523254399604641,213.72734879452875,18320.54928828805
11.459516526193308,1.4450817112943377,211.61632902924524,18341.710921190974
11.509516526193309,1.4378736906958698,209.52622093662615,18362.663543284638
11.55951652619331,1.4307012126299385,207.45682070353413,18383.40922535499
11.60951652619331,1.4235641120648528,205.4079264010444,18403.950017995096
11.659516526193311,1.4164622244778737,203.37933797017573,18424.287951792114
11.709516526193312,1.409395385860513,201.37085720762792,18444.425037512876
11.759516526193313,1.4023634327236059,199.38228775152876,18464.36326628803
11.809516526193313,1.3953662021021749,197.41343506719718,18484.10460979475
11.859516526193314,1.3884035315600818,195.46410643292285,18503.651020438043
11.909516526193315,1.3814752591944774,193.5341109257679,18523.00443153062
11.959516526193315,1.374581223640054,191.6232594073935,18542.166757471357
12.009516526193316,1.3677212640731056,189.73136450991464,18561.139893922347
12.059516526193317,1.3608952202153983,187.8582406217853,18579.925717984526
12.109516526193318,1.354102932337864,186.00370387371913,18598.5260883719
12.159516526193318,1.347344241264111,184.16757212464563,18616.942845584363
12.209516526193319,1.3406189883737667,182.3496649477072,18635.177812079135
12.25951652619332,1.3339270156056493,180.54980361629745,18653.232792440765
12.30951652619332,1.3272681654607794,178.76781109014536,18671.10957354978
12.359516526193321,1.3206422810052294,177.0035120014454,18688.809924749923
12.409516526193322,1.3140492058728213,175.25673264103781,18706.335598014026
12.459516526193323,1.3074887842676743,173.5273009446405,18723.68832810849
12.509516526193323,1.3009608609666037,171.81504647913357,18740.8698327564
12.559516526193324,1.2944652813213808,170.11980042890087,18757.881812799293
12.609516526193325,1.2880018912608528,168.44139558222756,18774.725952357516
12.659516526193325,1.2815705372929296,166.77966631775803,18791.40391898929
12.709516526193326,1.275171066506439,165.13444859101395,18807.91736384839
12.759516526193327,1.268803326572856,163.50557992097524,18824.26792184049
12.809516526193327,1.2624671657479072,161.8928993767248,18840.45721177816
12.859516526193328,1.2561624328730574,160.29624756415933,18856.486836534576
12.909516526193329,1.249888977376878,158.71546661276614,18872.358383195853
12.95951652619333,1.2436466492763023,157.15040016246869,18888.0734232121
13.00951652619333,1.237435299177771,155.6008933505416,18903.633512547152
13.059516526193331,1.2312547782782712,154.06679279859586,18919.04019182701
13.109516526193332,1.2251049383662702,152.54794659963568,18934.294986486973
13.159516526193332,1.2189856318225494,151.04420430518843,18949.39940691749
13.209516526193333,1.2128967116209395,149.55541691250778,18964.354948608743
13.259516526193334,1.2068380313289606,148.0814368518515,18979.16309229393
13.309516526193335,1.2008094451083704,146.62211797383475,18993.82530409131
13.359516526193335,1.1948108077156208,145.17731553685948,19008.343035644997
13.409516526193336,1.1888419745022287,143.74688619462069,19022.717724264458
13.459516526193337,1.1829028014150624,142.33068798369038,19036.950793062828
13.509516526193337,1.1769931449965434,140.9285803111796,19051.043651093947
13.559516526193338,1.1711128623847709,139.54042394247944,19064.997693488196
13.609516526193339,1.1652618113135684,138.1660809890818,19078.814301587103
13.65951652619334,1.159439850112453,136.80541489647882,19092.49484307675
13.70951652619334,1.1536468377065343,135.4582904321443,19106.040672119965
13.759516526193341,1.1478826336163406,134.12457367359403,19119.453129487323
13.809516526193342,1.1421470979575776,132.804131996529,19132.733542686976
13.859516526193342,1.1364400914408204,131.49683406305886,19145.883226093283
13.909516526193343,1.1307614753711392,130.20254981000724,19158.903481074285
13.959516526193344,1.1251111116476653,128.92115043729973,19171.795596118016
14.009516526193345,1.1194888627630932,127.6525083964333,19184.56084695766
14.059516526193345,1.1138945918031269,126.3964973790288,19197.20049669556
14.109516526193346,1.1083281624458656,125.15299230546518,19209.715795926106
14.159516526193347,1.1027894389611377,123.92186931359736,19222.107982857466
14.209516526193347,1.0972782862097783,122.7030057475563,19234.378283432223
14.259516526193348,1.0917945696428575,121.49628014663217,19246.527911446887
14.309516526193349,1.0863381553008549,120.30157223424011,19258.55806867031
14.35951652619335,1.0809089098127895,119.11876290696952,19270.46994496101
14.40951652619335,1.0755067003952992,117.94773422371559,19282.26471838338
14.459516526193351,1.0701313948516762,116.78836939489422,19293.94355532287
14.509516526193352,1.0647828615708579,115.64055277173942,19305.50761060004
14.559516526193352,1.0594609695263755,114.50416983568387,19316.95802758361
14.609516526193353,1.0541655882752605,113.37910718782159,19328.29593830239
14.659516526193354,1.048896587956912,112.26525253845367,19339.522463556237
14.709516526193354,1.0436538392919246,111.16249469671584,19350.63871302591
14.759516526193355,1.0384372135808795,110.07072356028887,19361.645785381937
14.809516526193356,1.0332465827031003,108.98983010519062,19372.544768392458
14.859516526193357,1.0280818191153716,107.91970637564995,19383.336739030023
14.909516526193357,1.0229427958506263,106.86024547406242,19394.022763577428
14.959516526193358,1.0178293865165993,105.81134155102737,19404.60389773253
15.009516526193359,1.0127414652944497,104.77288979546604,19415.081186712076
15.05951652619336,1.007678906937354,103.74478642482086,19425.45566535456
15.10951652619336,1.0026415867690668,102.72692867533489,19435.72835822209
15.15951652619336,0.9976293806824592,101.71921479241247,19445.900279701335
15.209516526193362,0.9926421651380231,100.7215440210588,19455.97243410344
15.259516526193362,0.9876798171623544,99.73381659640023,19465.945815763083
15.309516526193363,0.98274221434661,98.75593373428353,19475.82140913651
15.359516526193364,0.977829234844938,97.78779762195414,19485.60018889871
15.409516526193364,0.9729407573728885,96.82931140881367,19495.28312003959
15.459516526193365,0.9680766612057986,95.88037919725507,19504.871157959315
15.509516526193366,0.9632368261771578,94.94090603357651,19514.365248562674
15.559516526193367,0.9584211326769517,94.01079789897251,19523.76632835257
15.609516526193367,0.9536294616499866,93.0899617006025,19533.07532452263
15.659516526193368,0.9488616945941939,92.1783052627361,19542.293155048905
15.709516526193369,0.9441177135589173,91.27573731797531,19551.420728780704
15.75951652619337,0.9393974011431815,90.3821674985522,19560.458945530558
15.80951652619337,0.9347006404939449,89.4975063277028,19569.40869616333
15.85951652619337,0.930027315304335,88.62166521111585,19578.27086268444
15.909516526193372,0.9253773098118698,87.75455642845678,19587.046318327284
15.959516526193372,0.9207505087966635,86.89609312496576,19595.73592763978
16.009516526193373,0.9161467975796183,86.04618930312994,19604.340546570093
16.059516526193374,0.9115660620206024,85.20475981442912,19612.861022551537
16.109516526193374,0.9070081885166165,84.37172035115458,19621.298194586652
16.159516526193375,0.9024730639999464,83.54698743830059,19629.652893330483
16.209516526193376,0.8979605759363049,82.7304784255279,19637.925941173035
16.259516526193377,0.8934706123229625,81.92211147919942,19646.118152320956
16.309516526193377,0.889003061686868,81.12180557448659,19654.230332878404
16.359516526193378,0.8845578130827579,80.3294804875472,19662.26328092716
16.40951652619338,0.880134756091258,79.545056787773,19670.217786605936
16.45951652619338,0.8757337808169752,78.76845583010768,19678.094632188946
16.50951652619338,0.8713547778865807,77.99959974743393,19685.894592163688
16.55951652619338,0.8669976384468859,77.23841144302958,19693.61843330799
16.60951652619338,0.8626622541629108,76.48481458309224,19701.2669147663
16.659516526193382,0.8583485172159444,75.7387335893319,19708.84078812523
16.709516526193383,0.854056320301601,75.00009363163116,19716.340797488396
16.759516526193384,0.8497855566278667,74.26882062077222,19723.767679550474
16.809516526193384,0.8455361199131441,73.54484120123078,19731.122163670596
16.859516526193385,0.8413079043842894,72.82808274403581,19738.404971945
16.909516526193386,0.8371008047746444,72.11847333969504,19745.61681927897
16.959516526193386,0.8329147163220665,71.4159417911854,19752.75841345809
17.009516526193387,0.8287495347669512,70.72041760700832,19759.83045521879
17.059516526193388,0.8246051563502542,70.03183099430906,19766.83363831822
17.10951652619339,0.8204814778115075,69.35011285205975,19773.768649603426
17.15951652619339,0.8163783963868336,68.67519476430546,19780.636169079855
17.20951652619339,0.8122958098069578,68.00700899347339,19787.436869979203
17.25951652619339,0.8082336162952163,67.34548847374374,19794.171418826576
17.30951652619339,0.8041917145655638,66.69056680448287,19800.840475507026
17.359516526193392,0.8001700038205789,66.04217824373723,19807.4446933314
17.409516526193393,0.7961683837494673,65.40025770178845,19813.98471910158
17.459516526193394,0.7921867545260657,64.76474073476858,19820.461193175055
17.509516526193394,0.7882250168068424,64.13556353833509,19826.874749528888
17.559516526193395,0.7842830717288994,63.51266294140533,19833.226015823027
17.609516526193396,0.7803608209079733,62.89597639994989,19839.515613463023
17.659516526193396,0.7764581664364358,62.285441990844156,19845.74415766211
17.709516526193397,0.7725750108812952,61.68099840577804,19851.91225750269
17.759516526193398,0.7687112572821977,61.08258494522305,19858.02051599721
17.8095165261934,0.7648668091494297,60.490141512456255,19864.069530148456
17.8595165261934,0.7610415704619208,59.90360860764086,19870.05989100922
17.9095165261934,0.7572354456652477,59.32292732196286,19875.992183741415
17.9595165261934,0.7534483396696403,58.74803933182311,19881.8669876746
18.0095165261934,0.7496801578479884,58.17888689308476,19887.684876363906
18.059516526193402,0.7459308060338503,57.615412835375096,19893.446417647443
18.109516526193403,0.7422001905194641,57.05756055644162,19899.15217370309
18.159516526193404,0.7384882180537595,56.50527401656199,19904.802701104745
18.209516526193404,0.7347947958403747,55.95849773300723,19910.398550878046
18.259516526193405,0.7311198315356718,55.417176774557454,19915.940268555503
18.309516526193406,0.7274632332467592,54.88125675607039,19921.42839423111
18.359516526193406,0.7238249095295131,54.35068383310158,19926.86346261442
18.409516526193407,0.7202047693866044,53.82540469657606,19932.246003084078
18.459516526193408,0.7166027222655281,53.3053665675111,19937.57653974083
18.50951652619341,0.7130186780566355,52.790517191789675,19942.855591460007
18.55951652619341,0.70945254709117,52.28080483498368,19948.083671943506
18.60951652619341,0.705904240139307,51.77617827722733,19953.261289771228
18.65951652619341,0.702373668408197,51.276586808139555,19958.38894845204
18.70951652619341,0.698860743540013,50.78198022179522,19963.46714647422
18.759516526193412,0.6953653776100015,50.29230881174496,19968.496377355394
18.809516526193413,0.6918874831245373,49.80752336608267,19973.477129692
18.859516526193413,0.6884269730191834,49.3275751625609,19978.409887208258
18.909516526193414,0.684983760656755,48.85241596375314,19983.29512880463
18.959516526193415,0.6815577598253869,48.38199801226288,19988.133328605858
19.009516526193416,0.6781488847366073,47.91627402597905,19992.924956008457
19.059516526193416,0.6747570500234145,47.4551971933772,19997.670475727795
19.109516526193417,0.6713821707383592,46.99872116886621,20002.37034784468
19.159516526193418,0.6680241623516321,46.54680006818012,20007.025027851498
19.20951652619342,0.6646829407491552,46.09938846381447,20011.63496669788
19.25951652619342,0.66135842223068,45.65644138050707,20016.20061083593
19.30951652619342,0.658050523507888,45.21791429076243,20020.722402265008
19.35951652619342,0.6547591617024996,44.783763110419734,20025.20077857605
19.40951652619342,0.6514842543443863,44.353944194263924,20029.636172995477
19.459516526193422,0.6482257193696886,43.9284143316793,20034.029014428645
19.509516526193423,0.6449834751189399,43.5071307423455,20038.379727502877
19.559516526193423,0.6417574403351953,43.09005107197533,20042.688732610073
19.609516526193424,0.6385475341621658,42.677133388094035,20046.956445948883
19.659516526193425,0.6353536761423596,42.26833617585982,20051.18327956647
19.709516526193426,0.6321757862152272,41.863618333924975,20055.369641399862
19.759516526193426,0.6290137847153138,41.46293917033744,20059.515935316897
19.809516526193427,0.625867592370416,41.06625839848231,20063.622561156746
19.859516526193428,0.6227371302997466,40.67353613306302,20067.689914770053
19.90951652619343,0.6196223200121027,40.284732886121645,20071.718388058667
19.95951652619343,0.616523083404042,39.89980956309833,20075.708369014978
20.00951652619343,0.6134393427580638,39.51872745892894,20079.66024176087
20.05951652619343,0.6103710207407967,39.14144825418116,20083.57438658629
20.10951652619343,0.6073180404011923,38.76793401122814,20087.451179987413
20.159516526193432,0.6042803251687252,38.3981471704599,20091.290994704457
20.209516526193433,0.6012577988515986,38.032050546531465,20095.09419975911
20.259516526193433,0.598250385634957,37.669607324648105,20098.861160491575
20.309516526193434,0.5952580100791047,37.310781056886775,20102.592238597263
20.359516526193435,0.5922805971177307,36.9555356585537,20106.28779216312
20.409516526193435,0.5893180720561401,36.603835404577644,20109.948175703576
20.459516526193436,0.5863703605694914,36.25564492593869,20113.57374019617
20.509516526193437,0.5834373887010411,35.91092920613183,20117.164833116785
20.559516526193438,0.580519082860394,35.56965357766562,20120.72179847455
20.60951652619344,0.5776153698217599,35.2317837185949,20124.24497684641
20.65951652619344,0.5747261767222176,34.897285649087856,20127.73470541132
20.70951652619344,0.5718514310599845,34.56612572802663,20131.19131798412
20.75951652619344,0.5689910606926933,34.23827064964145,20134.615145049087
20.80951652619344,0.5661449938356754,33.91368744017794,20138.006513793105
20.859516526193442,0.5633131590602498,33.59234345459704,20141.365748138564
20.909516526193443,0.56049548529202,33.27420637330757,20144.693168775895
20.959516526193443,0.557691901809177,32.95924419893093,20147.98909319579
21.009516526193444,0.5549023382408084,32.64742525309761,20151.253835721098
21.059516526193445,0.5521267245652142,32.33871817327528,20154.487707538425
21.109516526193445,0.5493649911082307,32.03309190962825,20157.691016729386
21.159516526193446,0.5466170685415587,31.730515721907665,20160.864068301576
21.209516526193447,0.5438828878811006,31.430959176372646,20164.007164219212
21.259516526193448,0.5411623804853025,31.134392142741508,20167.120603433486
21.30951652619345,0.5384554780535044,30.840784791173327,20170.204681912604
21.35951652619345,0.5357621126242954,30.550107589279083,20173.259692671534
21.40951652619345,0.5330822165738774,30.262331299162398,20176.28592580145
21.45951652619345,0.5304157226144343,29.97742697448951,20179.283668498898
21.50951652619345,0.5277625637925082,29.695365957588184,20182.253205094657
21.559516526193452,0.5251226734873827,29.41611987657517,20185.194817082316
21.609516526193453,0.5224959854094723,29.13966064251221,20188.108783146567
21.659516526193453,0.5198824335987188,28.86596044659003,20190.995379191227
21.709516526193454,0.5172819524229947,28.594991757340217,20193.85487836696
21.759516526193455,0.5146944765765126,28.32672731787465,20196.68755109875
21.809516526193455,0.512119941078242,28.06114014315224,20199.493665113063
21.859516526193456,0.5095582812703325,27.798203517272714,20202.27348546479
21.909516526193457,0.5070094328165436,27.537890990797102,20205.02727456387
21.959516526193458,0.5044733317006816,27.280176378094882,20207.755292201677
22.009516526193458,0.5019499142250424,27.025033754717224,20210.45779557715
22.05951652619346,0.499439117008862,26.772437454796336,20213.135039322628
22.10951652619346,0.496940876986773,26.522362068470528,20215.787275529474
22.15951652619346,0.4944551314072679,26.274782439334775,20218.414753773406
22.20951652619346,0.4919818178311692,26.02967366191654,20221.017721139597
22.25951652619346,0.4895208741301061,25.78701107917659,20223.596422247516
22.309516526193462,0.48707223848499775,25.546770280034586,20226.15109927552
22.359516526193463,0.4846358493845433,25.308927096919174,20228.681991985213
22.409516526193464,0.4822116456237184,25.07345760334239,20231.18933774555
22.459516526193465,0.47979956630227855,24.840338111498088,20233.6733715567
22.509516526193465,0.47739955082326874,24.609545169884157,20236.134326073687
22.559516526193466,0.4750115388915403,24.381055560948408,20238.572431629782
22.609516526193467,0.4726354705122732,24.154846298757633,20240.98791625966
22.659516526193467,0.4702712859895065,23.930894626690016,20243.381005722327
22.709516526193468,0.4679189259246738,23.709178015150215,20245.751923523843
22.75951652619347,0.4655783312151464,23.48967415930728,20248.100890939775
22.80951652619347,0.46324944305278226,23.272360976854902,20250.42812703746
22.85951652619347,0.4609322029224819,23.05721660579397,20252.73384869804
22.90951652619347,0.4586265526007505,22.844219402237083,20255.018270638266
22.95951652619347,0.4563324341542671,22.63334793823492,20257.28160543209
23.009516526193472,0.45404978993845924,22.424580999624112,20259.52406353205
23.059516526193473,0.45177856259608506,22.217897583896534,20261.745853290442
23.109516526193474,0.4495186950558214,22.01327689808977,20263.947180980253
23.159516526193475,0.44727013053085823,21.810698356698467,20266.128250815924
23.209516526193475,0.4450328125174997,21.610141579606506,20268.289264973886
23.259516526193476,0.4428066847937717,21.41158639003968,20270.43042361289
23.309516526193477,0.44059169141803534,21.215012812538706,20272.551924894142
23.359516526193477,0.43838777672760726,21.020401070952392,20274.65396500124
23.409516526193478,0.43619488533738604,20.82773158645073,20276.736738159885
23.45951652619348,0.4340129621384851,20.63698497555781,20278.800436657442
23.50951652619348,0.43184195229687156,20.44814204820413,20280.84525086226
23.55951652619348,0.42968180125201194,20.26118380579844,20282.871369242843
23.60951652619348,0.42753245471552376,20.076091439318667,20284.878978386776
23.65951652619348,0.4253938586698331,19.892846327421775,20286.868263019518
23.709516526193482,0.4232659593668394,19.71143003457256,20288.839406022977
23.759516526193483,0.4211487033265854,19.531824309190892,20290.792588453896
23.809516526193484,0.4190420373359336,19.35401108181751,20292.727989562078
23.859516526193485,0.41694590844724944,19.177972463297976,20294.645786808407
23.909516526193485,0.4148602639770898,19.00369074298475,20296.546155882705
23.959516526193486,0.41278505150489825,18.831148386957125,20298.4292707214
24.009516526193487,0.4107202188717062,18.660328036258832,20300.29530352503
24.059516526193487,0.40866571417883996,18.491212505153285,20302.144424775543
24.109516526193488,0.40662148578663426,18.323784779396064,20303.97680325348
24.15951652619349,0.4045874823131515,18.15802801452467,20305.792606054933
24.20951652619349,0.40256365263290733,17.99392553416528,20307.59199860835
24.25951652619349,0.4005499458756017,17.831460828356324,20309.375144691185
24.30951652619349,0.39854631142485675,17.670617551888792,20311.142206446373
24.35951652619349,0.3965526989169597,17.51137952266303,20312.89334439864
24.409516526193492,0.39456905823961264,17.353730720061908,20314.628717470645
24.459516526193493,0.39259533953068737,17.197655283340165,20316.34848299898
24.509516526193494,0.3906314931769871,17.043137510029837,20318.052796749984
24.559516526193494,0.38867746981301277,16.890161854361477,20319.74181293542
24.609516526193495,0.3867332203197366,16.73871292570118,20321.415684227988
24.659516526193496,0.3847986958233804,16.5887754870031,20323.074561776688
24.709516526193497,0.3828738476942004,16.44033445327747,20324.718595222017
24.759516526193497,0.3809586275452776,16.29337489007374,20326.347932711025
24.809516526193498,0.3790529872313138,16.147882011978986,20327.962720912223
24.8595165261935,0.37715687884743354,16.00384118113112,20329.563105030335
24.9095165261935,0.3752702547279917,15.86123790574701,20331.14922882091
24.9595165261935,0.3733930674453868,15.720057838665229,20332.721234604775
25.0095165261935,0.37152526980888023,15.580286775903323,20334.279263282366
25.0595165261935,0.36966681486342073,15.441910655229442,20335.82345434789
25.109516526193502,0.36781765588847476,15.304915554748206,20337.353945903364
25.159516526193503,0.36597774639686237,15.169287691500665,20338.870874672513
25.209516526193504,0.364147040133599,15.035013420078206,20340.374376014523
25.259516526193504,0.3623254910747422,14.902079231250264,20341.864583937648
25.309516526193505,0.3605130534262449,14.770471750605727,20343.341631112708
25.359516526193506,0.3587096816228129,14.640177737207836,20344.805648886428
25.409516526193507,0.3569153303267691,14.511184082262538,20346.256767294653
25.459516526193507,0.3551299544269224,14.38347780780008,20347.695115075432
25.509516526193508,0.3533535090374425,14.257046065369742,20349.120819681968
25.55951652619351,0.3515859494967402,14.13187613474762,20350.534007295442
25.60951652619351,0.3498272313663525,14.00795542265721,20351.934802837706
25.65951652619351,0.3480773104298337,13.885271461502803,20353.323329983858
25.70951652619351,0.34633614269165164,13.763811908115505,20354.699711174668
25.75951652619351,0.34460368437608957,13.643564542511731,20356.06406762892
25.809516526193512,0.34287989192615276,13.524517266664077,20357.416519355585
25.859516526193513,0.34116472200248105,13.406658103284466,20358.757185165912
25.909516526193514,0.33945813148226617,13.289975194619396,20360.086182685372
25.959516526193514,0.3377600774581748,13.174456801257234,20361.403628365497
26.009516526193515,0.33607051723727627,13.060091300947342,20362.70963749559
26.059516526193516,0.33438940833997627,12.946867187431065,20364.004324214333
26.109516526193516,0.3327167084989549,12.834773069284282,20365.287801521263
26.159516526193517,0.3310523756581105,12.723797668771546,20366.56018128814
26.209516526193518,0.32939636797150845,12.613929820711656,20367.821574270212
26.25951652619352,0.32774864380233487,12.505158471354502,20369.072090117348
26.30951652619352,0.32610916172185594,12.397472677269153,20370.311837385074
26.35951652619352,0.32447788050838167,12.29086160424301,20371.540923545497
26.40951652619352,0.3228547591462352,12.185314526191911,20372.759454998115
26.45951652619352,0.3212397568247269,12.080820824081162,20373.967537080523
26.509516526193522,0.31963283293713385,11.977369984857294,20375.16527407901
26.559516526193523,0.31803394707968347,11.874951600390451,20376.35276923905
26.609516526193524,0.3164430590505432,11.773555366427379,20377.53012477569
26.659516526193524,0.31486012884881437,11.673171081554813,20378.697441883847
26.709516526193525,0.31328511667353115,11.573788646173217,20379.854820748464
26.759516526193526,0.3117179829226648,11.475398061480776,20381.002360554612
26.809516526193526,0.310158688192132,11.377989428467474,20382.14015949746
26.859516526193527,0.30860719327480907,11.281552946919273,20383.268314792153
26.909516526193528,0.30706345915955,11.186078914432159,20384.386922683596
26.95951652619353,0.3055274470302101,11.091557725436056,20385.49607845614
27.00951652619353,0.3039991182646741,10.997979870228498,20386.595876443163
27.05951652619353,0.30247843443388867,10.905335934017865,20387.686410036564
27.10951652619353,0.3009653573009007,10.81361659597625,20388.767771696163
27.15951652619353,0.29945984881989907,10.72281262830171,20389.840052958993
27.209516526193532,0.2979618711352621,10.632914895289908,20390.90334444852
27.259516526193533,0.29647138658060923,10.543914352414998,20391.957735883763
27.309516526193534,0.29498835767785747,10.455802045419679,20393.003316088307
27.359516526193534,0.2935127471362824,10.368569109414349,20394.040172999248
27.409516526193535,0.29204451785158386,10.28220676798519,20395.068393676047
27.459516526193536,0.29058363290495653,10.19670633231124,20396.08806430928
27.509516526193536,0.2891300555621643,10.112059200290163,20397.099270229308
27.559516526193537,0.2876837492726203,10.028256855672856,20398.102095914874
27.609516526193538,0.2862446776684704,9.945290867206594,20399.096625001595
27.65951652619354,0.28481280456368185,9.863152887786768,20400.082940290373
27.70951652619354,0.28338809395313663,9.781834653617107,20401.061123755735
27.75951652619354,0.28197051001172824,9.701327983378214,20402.031256554073
27.80951652619354,0.2805600170934642,9.621624777404461,20402.993419031813
27.85951652619354,0.27915657973057195,9.542717016869055,20403.9476907335
27.909516526193542,0.27776016263261016,9.46459676297727,20404.8941504098
27.959516526193543,0.27637073068558327,9.38725615616768,20405.832876025415
28.009516526193543,0.27498824895106155,9.310687415321425,20406.763944766946
28.059516526193544,0.2736126826653046,9.2348828369793,20407.687433050643
28.109516526193545,0.27224399723838977,9.159834794566711,20408.6034165301
28.159516526193546,0.27088215825334455,9.085535737626332,20409.51197010386
28.209516526193546,0.2695271314652835,9.01197819105842,20410.413167922965
28.259516526193547,0.26817888280054925,8.939154754368737,20411.307083398402
28.309516526193548,0.2668373783558578,8.867058100923941,20412.193789208493
28.35951652619355,0.2655025843974482,8.795680977214436,20413.073357306213
28.40951652619355,0.26417446736023614,8.725016202124547,20413.945858926425
28.45951652619355,0.2628529938469721,8.65505666621002,20414.811364593046
28.50951652619355,0.26153813062740316,8.585795330982684,20415.669944126144
28.55951652619355,0.2602298446374397,8.517225228202287,20416.521666648965
28.609516526193552,0.2589281029783256,8.449339459175391,20417.366600594883
28.659516526193553,0.2576328729158125,8.38213119406124,20418.20481371429
28.709516526193553,0.25634412187933886,8.315593671184583,20419.036373081406
28.759516526193554,0.25506181746121226,8.249720196355353,20419.861345101042
28.809516526193555,0.2537859274157964,8.184504142195111,20420.67979551526
28.859516526193556,0.2525164196587017,8.119938947470228,20421.491789410007
28.909516526193556,0.25125326226598005,8.056018116431737,20422.29739122165
28.959516526193557,0.24999642347332365,7.99273521816173,20423.09666474347
29.009516526193558,0.2487458716752678,7.930083885926325,20423.88967313206
29.05951652619356,0.24750157542439744,7.868057816535059,20424.676478913712
29.10951652619356,0.24626350343055792,7.806650769706682,20425.457143990683
29.15951652619356,0.24503162456006952,7.745856567441287,20426.23172964743
29.20951652619356,0.24380590783494577,7.6856690933986895,20427.00029655677
29.25951652619356,0.24258632243211603,7.626082292283037,20427.762904786
29.309516526193562,0.24137283768265141,7.567090169233531,20428.519613802924
29.359516526193563,0.24016542307099503,7.508686789221252,20429.270482481847
29.409516526193563,0.23896404823419568,7.450866276451984,20430.01556910949
29.459516526193564,0.2377686829611457,7.393622813775028,20430.754931390868
29.509516526193565,0.2365792971918222,7.336950642097871,20431.488626455077
29.559516526193566,0.23539586101653248,7.280844059806751,20432.21671086106
29.609516526193566,0.23421834467516284,7.225297422192951,20432.93924060328
29.659516526193567,0.2330467185564314,7.170305140884865,20433.65627111737
29.709516526193568,0.2318809531971444,7.1158616832856945,20434.367857285695
29.75951652619357,0.23072101928145658,7.061961572016792,20435.074053442895
29.80951652619357,0.2295668876401346,7.008599384366523,20435.77491338133
29.85951652619357,0.22841852924982475,6.955769751744657,20436.470490356503
29.90951652619357,0.22727591523232402,6.903467359142195,20437.16083709242
29.95951652619357,0.2261390168538547,6.851686944596584,20437.84600578688
30.0,0.2252231095722051,6.810160614165945,20438.527021848295
